name,2012EI,2013EI,2014EI,2015EI,2016EI,2017EI,Education,2012CR,2013CR,2014CR,2015CR,2016CR,2017CR,2018CR,Criminality,2012II,2013II,2014II,2015II,2016II,2017II,2018II,Income,2012Theft,2013Theft,2014Theft,2015Theft,2016Theft,2017Theft,2018Theft,2012Homcide,2013Homcide,2014Homcide,2015Homcide,2016Homcide,2017Homcide,2018Homicide,2012Assault,2013Assault,2014Assault,2015Assault,2016Assault,2017Assault,2018Assault,2012Rape,2013Rape,2014Rape,2015Rape,2016Rape,2017Rape,2018Rape,2012Sexassault,2013Sexassault,2014Sexassault,2015Sexassault,2016Sexassault,2017Sexassault,2018Sexassault,2012_M50,2013_M50,2014_M50,2015_M50,2016_M50,2017_M50,2018_M50,2012A_M50,2013A_M50,2014A_M50,2015A_M50,2016A_M50,2017A_M50,2018A_M50,2012Emp,2013Emp,2014Emp,2015Emp,2016Emp,2017Emp,2018Emp,2012Inac,2013Inac,2014Inac,2015Inac,2016Inac,2017Inac,2018Inac,2012Nemp,2013Nemp,2014Nemp,2015Nemp,2016Nemp,2017Nemp,2018Nemp,2012Nsal,2013Nsal,2014Nsal,2015Nsal,2016Nsal,2017Nsal,2018Nsal,2012Pop,2013Pop,2014Pop,2015Pop,2016Pop,2017Pop,2018Pop,2012Ret,2013Ret,2014Ret,2015Ret,2016Ret,2017Ret,2018Ret,2012Sal,2013Sal,2014Sal,2015Sal,2016Sal,2017Sal,2018Sal,2012Une,2013Une,2014Une,2015Une,2016Une,2017Une,2018Une,2012ED0-2,2013ED0-2,2014ED0-2,2015ED0-2,2016ED0-2,2017ED0-2,2018ED0-2,2012ED3-8,2013ED3-8,2014ED3-8,2015ED3-8,2016ED3-8,2017ED3-8,2018ED3-8,2012ED03_4,2013ED3_4,2014ED03_4,2015ED3_4,2016ED3_4,2017ED3_4,2018ED3_4,2012ED5-8,2013ED5-8,2014ED5-8,2015ED5-8,2016ED5-8,2017ED5-8,2018ED5-8
Alania,0.72833333333333,0.73444444444444,0.73444444444444,0.73444444444444,0.74444444444444,0.74444444444444,0.74,195.68,193.92,286.88,256.29,206.88,187.46,199.19,0.04,0.57024401884727,0.57635497161625,0.57635497161625,0.57127983363544,0.56885179026952,0.56779913282923,0.58664359286472,0.56,188.3,185.16,274.9,242.98,196.17,177.15,188.62,3.8098140810728,3.2612008533984,2.9868942395611,1.6458396830235,2.1639743980494,1.5848826577263,1.5544041450777,4.7546479731789,4.967997561719,4.0231636696129,5.1508686376105,3.5964644925328,3.8098140810728,4.1145992075587,0.73148430356599,1.1886619932947,1.2496190185919,2.1639743980494,1.3410545565376,1.3105760438891,1.2800975312405,0.7010057909174,1.5239256324291,1.7067967083206,2.3773239865895,2.3163669612923,2.1334958854008,2.042060347455,:,:,:,:,:,710,788,:,:,:,:,:,2184,2376,:,:,:,:,:,2187,2416,:,:,:,:,:,1636,1825,:,:,:,:,:,1534,1730,:,:,:,:,:,1440,1690,:,:,:,:,:,1799,2084,:,:,:,:,:,1946,2041,:,:,:,:,:,2965,3127,:,:,:,:,:,1349,1569,0,0,0,0,0,0,0,0,0,0,0,0,0,0,0,0,0,0,0,0,0,0,0,0,0,0,0,0
Austria,0.84055555555556,0.83555555555556,0.84222222222222,0.845,0.85055555555556,0.85055555555556,0.84,1834.85,1896.69,1811.59,1699.59,1733.13,1511.37,1432.82,0.29,0.93893332975021,0.94085228505435,0.93986586834326,0.93084493566797,0.92681224205033,0.9229375320624,0.93579289161729,0.91,1742.60,1822.11,1742.86,1635.37,1651.67,1429.13,1346.62,1.05,0.75,0.51,0.49,0.56,0.70,0.83,47.93,39.36,37.97,40.31,43.60,41.32,42.06,14.94,15.32,13.68,13.18,14.17,13.28,18.88,33.11,25.47,24.91,23.43,32.46,31.28,27.48,9651,9419,10343,10557,10125,10446,10906,23412,23471,24679,24745,25069,26419,26912,25138,25134,26557,26236,26736,28197,28643,19078,19692,20003,20039,19670,20544,21677,19192,19825,20169,20369,20205,20754,21312,24128,23794,23594,24758,24961,26255,26459,23175,23268,24487,24417,24778,26016,26731,22004,23134,23668,23361,24028,24614,23829,25272,25306,26834,26466,26920,28329,29024,14293,14059,14867,15659,14396,15430,15655,0,0,0,0,0,0,0,77.6,77.8,79.7,80.4,80.4,80.7,81.1,60.8,60.2,52.4,52.3,51.5,51.0,51.0,16.9,17.7,27.4,28.1,28.9,29.7,30.1
elgium,0.90666666666667,0.91888888888889,0.93055555555556,0.94,0.94333333333333,0.94333333333333,0.93,20890.86,2699.07,2550.94,2807.03,2678.69,2553.27,2551.877,0.89,0.92972659093029,0.93220766314127,0.93195506152492,0.92463874079088,0.91722889773116,0.9140605187417,0.92635380245299,0.9,2144.43,2007.85,1864.29,2196.73,2055.54,1969.42,1946.16,1.86,1.83,1.88,2.06,1.55,1.74,1.65,651.76,624.87,629.75,555.13,556.84,552.89,565.02,30.69,29.97,28.51,28.75,30.44,32.83,33.09,66.08,34.16,33.17,32.54,38.80,43.23,42.09,9000,9457,9656,9736,10080,10237,10414,21560,22972,23088,23162,23995,24211,25166,24774,26187,26927,26829,27753,27614,28559,16355,17198,16575,16630,16920,17000,17431,16194,16875,16628,16744,17089,17086,17672,21947,23324,23240,22936,23235,24217,24411,21733,23068,23165,23239,23715,24119,25133,21643,20767,21259,22304,22359,22083,23802,25075,26439,27232,27161,28280,27919,28844,14166,13231,13977,13838,13835,13694,14065,31.4,30.4,29.5,28.7,28.2,27.2,26.3,68.6,69.6,70.5,71.3,71.8,72.8,73.7,37.4,38.1,37.8,38.7,38.6,37.1,37.7,31.3,31.5,32.6,32.7,33.2,35.6,36.0
osnia,0.67111111111111,0.68444444444444,0.70111111111111,0.69444444444444,0.71777777777778,0.71777777777778,0.7,223.35,217.46,204.38,182.32,170.61,150.99,144.07,0.03,0.59063108228176,0.5988778872772,0.59973534879277,0.59714822259967,0.59481075651737,0.59451601353336,0.61204533868393,0.58,203.44407192929,197.40932642487,180.76805851874,148.55227064919,136.87900030479,126.27247790308,108.5339835416,1.828710758915,1.4020115818348,1.4934471197806,1.7067967083206,1.2800975312405,1.0362694300518,1.097226455349,18.835720816824,17.586101798232,18.043279487961,30.234684547394,30.75281926242,22.919841511734,27.704967997562,1.2496190185919,1.0667479427004,0.82291984151173,1.097226455349,0.82291984151173,0.76196281621457,1.0362694300518,0,0,0,0,0,0,0,0,0,0,0,0,0,0,0,0,0,0,0,0,0,0,0,0,0,0,0,0,0,0,0,0,0,0,0,0,0,0,0,0,0,0,0,0,0,0,0,0,0,0,0,0,0,0,0,0,0,0,0,0,0,0,0,0,0,0,0,0,0,0,0,0,0,0,0,0,0,0,0,0,0,0,0,0,0,0,0,0,0,0,0,0,0,0,0,0,0,0,0,0,0,0,0,0,0
ulgaria,0.76277777777778,0.77722222222222,0.78555555555556,0.81277777777778,0.80444444444444,0.80444444444444,0.79,684.34,695.36,638.46,596.32,507.93,631.2,568.79,0.11,0.65096801914335,0.65398320371002,0.65693937890379,0.65117091471634,0.65076485067778,0.65497503742032,0.67215046485563,0.64,606.81,621.26,569.25,531.99,457.48,576.57,523.71,1.92,1.50,1.55,1.75,1.10,1.34,1.30,32.89,33.91,34.96,34.99,34.53,39.58,35.72,2.55,2.25,2.04,1.65,1.78,2.00,1.60,6.81,6.42,6.38,6.72,0,0,0,1119,1212,1300,1426,1338,1574,1668,3257,3426,3821,3953,3842,4452,4439,3545,3699,4093,4223,3978,4537,4493,2634,2718,3052,3003,2681,2998,3189,2356,2408,2685,2624,2392,2690,2807,3481,3308,4296,4242,3821,5358,4853,3116,3217,3602,3684,3388,3983,3885,2793,2929,3485,3278,3221,3598,3652,3550,3717,4090,4222,3990,4494,4480,1727,1819,1972,1864,1696,1819,1853,23.0,22.1,22.6,22.2,21.9,21.4,21.5,77.0,77.9,77.4,77.8,78.1,78.6,78.5,56.4,55.7,53.8,53.7,53.7,54.1,53.6,20.7,22.2,23.6,24.1,24.4,24.5,24.8
Croatia,0.77777777777778,0.78611111111111,0.79222222222222,0.79277777777778,0.79333333333333,0.79333333333333,0.79,458.24067210279,382.90091425747,332.32023721275,370.47195453422,352.08796639486,339.3377810724,315.76476402273,0.06,0.74029701412586,0.74186237250065,0.73826027677921,0.73491998344114,0.72788732237842,0.73150415273749,0.74732412911139,0.72,403.37,329.67,283.58,320.62,303.98,298.81,279.65,1.19,1.08,0.85,0.88,1.05,1.11,0.58,21.12,19.31,18.04,19.03,18.85,19.21,17.85,2.95,6.43,7.89,6.11,7.59,5.92,7.23,5.07,7.09,6.33,8.21,8.54,5.54,5.94,2117,2114,2111,2262,2290,2552,2680,6040,5826,5806,6089,6396,6949,7465,6844,6659,6767,6986,7295,7820,8417,4778,4534,4497,4699,4925,5575,5945,4547,4328,4275,4491,4697,5055,5456,6212,5823,5566,5732,6136,6461,7356,5646,5376,5497,5738,6067,6593,7141,5444,5198,5238,5154,5487,5746,6029,6893,6761,6872,7082,7367,7938,8536,3622,3411,3517,3755,3861,3955,4176,23.1,22.4,21.0,20.4,20.6,19.9,18.7,76.9,77.6,79.0,79.6,79.4,80.1,81.3,61.1,60.5,60.5,59.9,59.4,59.6,59.3,15.8,17.0,18.5,19.7,20.0,20.6,22.0
Cyprus,0.77666666666667,0.78888888888889,0.79388888888889,0.79388888888889,0.80888888888889,0.80888888888889,0.8,139.13385826772,113.30708661417,90.787401574803,88.110236220472,71.732283464567,88.976377952756,70.157480314961,0.02,0.85996911721117,0.85024734514709,0.84302107953103,0.83985658931263,0.83228582843456,0.83228582843456,0.8456177666588,0.82,181.78,146.90,115.38,111.33,86.17,112.19,82.85,2.20,1.27,1.17,1.42,1.30,0.82,1.62,17.17,15.24,15.62,16.88,17.09,16.85,15.27,3.60,2.66,1.98,2.48,2.59,2.22,3.24,0.23,0.12,0.23,0.00,0.24,0.12,0.12,8194,7943,7512,6837,7008,7342,7320,18468,17631,16448,15748,16062,16111,16547,19509,18686,17245,16529,16669,16928,17496,15115,14112,13508,12480,12725,12851,13828,14726,13514,12345,11484,11733,12101,12756,17290,15948,15245,15333,16335,15702,16799,17685,16582,15195,14429,14794,15152,15910,16460,17041,15600,15906,16574,15415,16094,19880,19039,17400,16739,16706,17107,17606,12555,11694,10726,9255,9940,10140,9967,26.4,25.4,26.1,25.5,24.0,22.9,21.9,73.6,74.6,73.9,74.5,76.0,77.1,78.1,38.6,39.2,37.5,38.1,38.3,39.0,38.7,35.0,35.4,36.4,36.4,37.6,38.1,39.4
Czech Repulic,0.86055555555556,0.88111111111111,0.89055555555556,0.89277777777778,0.89277777777778,0.89277777777778,0.89,1184.7943925234,1243.9906542056,1039,860.76635514019,726.32710280374,675.78504672897,615.85046728972,0.15,0.79605130149132,0.79581801074012,0.79179592906751,0.78749944744998,0.78163083970451,0.78700526250088,0.80421846514398,0.77,1142.53,1200.28,993.72,810.06,674.86,624.84,560.20,0.90,0.86,0.77,0.84,0.62,0.38,0.52,49.88,51.14,49.46,49.62,47.85,45.06,46.81,6.37,5.60,6.36,5.67,6.15,5.65,6.14,7.05,7.86,7.23,7.79,6.91,7.59,7.40,3485,3611,3513,3406,3565,3820,4313,8085,7956,7889,7706,8211,8550,9419,9163,9039,8846,8680,9174,9756,10687,7195,7056,6987,6798,7338,7675,8321,6953,6817,6668,6527,6823,7222,7966,9034,8908,8793,8630,9272,9767,10610,8279,8141,8081,7927,8482,8932,9883,7370,7452,7155,6859,7113,7395,8093,9178,9053,8855,8691,9174,9751,10699,4880,4939,4681,4619,4543,5132,5186,13.4,12.9,12.4,12.4,12.4,12.1,12.1,86.6,87.1,87.6,87.6,87.6,87.9,87.9,69.6,69.0,68.5,67.8,67.1,66.5,66.2,17.0,18.1,19.1,19.8,20.6,21.4,21.7
Denmark,0.94611111111111,0.97055555555556,0.95722222222222,0.95,0.95055555555556,0.95055555555556,0.95,4889.7101697822,4672.834848225,4368.6503172698,3944.2805693706,3963.1281083862,3784.6681529755,3263.0766592351,0.7,0.97039082834725,0.97414170402003,0.97526090506887,0.96757143520855,0.96127600443037,0.95772096826301,0.96962934569185,0.94,5044.60,4802.85,4456.42,3990.80,3951.31,3721.21,3162.31,0.77,0.73,1.10,0.92,0.93,1.06,0.93,29.69,26.83,27.24,25.80,30.36,33.12,32.12,15.57,14.98,14.87,18.57,29.42,31.36,38.35,18.55,17.92,27.21,27.56,37.04,52.05,57.48,11385,10605,11676,11501,12105,12883,13079,28458,28683,29316,29767,30278,30958,31635,32424,32932,33258,33834,34004,34731,35544,22053,21825,21938,22359,22475,22291,22707,22039,21686,22034,22337,22475,22367,22831,27441,30034,30257,31162,29330,29094,32496,29037,29142,29625,30109,30642,31267,31986,24786,25596,25298,26513,28767,28265,28854,32582,33023,33442,33919,34117,34900,35676,20476,19492,20157,19563,19914,19045,19197,30.1,29.9,28.7,27.9,27.3,26.7,26.5,69.9,70.1,71.3,72.1,72.7,73.3,73.5,41.4,41.2,41.9,41.9,41.6,41.1,40.9,28.5,28.9,29.4,30.2,31.1,32.2,32.6
Estonia,0.875,0.87555555555556,0.87,0.87055555555556,0.86722222222222,0.87055555555556,0.87,1430.3531179564,1266.4162283997,1206.2359128475,885.4996243426,704.65815176559,600.82644628099,587.07738542449,0.16,0.77481119374238,0.78650945549762,0.79251353484171,0.79002729465825,0.78782800816979,0.79115518269266,0.80999567905112,0.77,1405.66,1247.18,1196.06,863.51,682.55,580.18,561.20,4.75,3.94,3.12,3.80,2.51,2.20,1.90,7.47,7.50,5.85,7.45,7.07,5.78,6.82,10.79,10.23,11.17,12.24,11.55,11.40,16.07,7.92,7.95,3.95,9.35,9.04,8.28,6.37,2160,2402,2670,2910,3476,3765,4282,6502,7124,8121,8853,9600,10465,11659,7672,8161,9179,10012,10714,11501,12669,4871,5523,6141,6627,7355,7830,8408,4488,5005,5571,5938,6696,7235,7736,6103,6974,6024,7275,8603,9448,11817,6465,7140,8073,8977,9647,10477,11643,4546,4926,4988,5228,5694,5923,6226,7788,8300,9364,10191,10865,11663,12739,3277,3467,3878,4096,4631,5574,5955,16.8,15.8,17.7,17.3,16.7,16.8,16.8,83.2,84.2,82.3,82.7,83.3,83.2,83.2,51.1,51.9,49.7,49.5,49.3,48.4,47.3,32.1,32.3,32.6,33.3,34.1,34.7,35.9
Finland,0.88555555555556,0.89888888888889,0.90222222222222,0.90222222222222,0.90222222222222,0.90222222222222,0.9,2376.0983547279,2405.2974145724,2384.7405532453,2292.9126740192,2157.7291629,2078.195624661,2046.0856987886,0.38,0.93551535727722,0.9371729657609,0.93689795777912,0.92988686227835,0.9245060028813,0.92213028508377,0.93330785541466,0.9,2337.30,2361.83,2336.01,2237.02,2086.45,2003.22,1957.82,1.63,1.64,1.61,1.50,1.35,1.22,1.56,34.36,33.00,30.18,28.56,29.01,28.73,29.18,18.68,17.97,18.51,19.06,21.14,22.62,25.27,41.19,37.09,33.31,31.60,36.96,32.87,38.89,10833,10963,11293,11106,11324,11461,11831,23902,24445,24785,24750,24753,24973,25657,27412,28177,28535,28762,28611,28892,29498,18632,19097,18893,18835,18983,19212,19028,18252,18873,18575,18524,18447,18714,18650,25329,26466,26445,26959,26671,27420,28255,24256,25050,25267,25296,25207,25465,26133,22675,23443,24357,24728,24895,24973,26574,27644,28310,28745,28913,28853,29043,29625,14400,15769,14866,15629,15766,16493,16252,21.8,20.8,20.1,19.2,18.6,18.4,17.7,78.2,79.2,79.9,80.8,81.4,81.6,82.3,45.4,45.6,45.2,45.3,45.5,45.2,45.1,32.8,33.6,34.7,35.5,35.9,36.4,37.3
France,0.81666666666667,0.82333333333333,0.83277777777778,0.83888888888889,0.83888888888889,0.83888888888889,0.83,1782.8787653955,2451.2316367414,2521.2019587476,2483.61923134,1712.8387001039,1742.6977296335,1762.6695355394,0.35,0.91729855681996,0.91868503494635,0.91708948310993,0.90914299989299,0.90149154184186,0.89836640878306,0.90906947556378,0.88,1798.31,2118.89,2167.66,2101.67,1306.09,1309.34,1283.05,1.25,1.22,1.16,1.32,1.33,1.22,1.16,355.00,355.64,360.80,364.25,371.42,387.49,416.61,16.68,17.03,18.44,19.28,21.41,24.36,28.59,24.35,25.32,28.51,30.78,31.90,35.43,42.83,10293,10282,10353,10566,10439,10578,10551,22246,22425,22607,22934,23135,23312,23523,22701,22875,22967,23415,23653,23920,24087,16462,16635,16957,16773,18007,18514,18250,17951,17936,18325,17839,18593,19007,19220,22031,23301,22051,22889,22594,24405,24413,21161,21248,21516,21707,22035,22329,22620,23072,24206,23737,22704,22709,23762,24225,22787,22836,23012,23457,23738,23896,24053,14870,14836,16119,15187,15389,15242,15958,30.4,28.0,26.5,25.9,25.5,25.2,24.4,69.6,72.0,73.5,74.1,74.5,74.8,75.6,41.9,43.1,43.7,43.6,43.6,43.3,42.8,27.7,28.9,29.8,30.5,30.9,31.4,32.8
Germany,0.93611111111111,0.93333333333333,0.93611111111111,0.94222222222222,0.94222222222222,0.94222222222222,0.94,1730.597068717,1745.426477655,1782.1960595867,1815.5574243152,1764.0881787602,1596.6278231619,1514.2023065834,0.29,0.92788737634973,0.93001495703386,0.93138515869741,0.92533370758994,0.92029805024484,0.91823582393066,0.92985482160979,0.9,1578.00,1600.86,1636.98,1661.33,1570.39,1401.36,1307.46,0.77,0.77,0.80,0.81,0.91,0.89,0.76,169.40,158.80,155.70,156.90,170.41,166.09,165.14,10.00,9.20,9.09,8.65,9.64,10.07,10.91,35.16,34.68,34.19,33.55,35.59,32.12,38.11,8832,9021,8721,9283,9536,9912,10153,21289,21337,21737,22657,23016,23715,24572,22341,22157,22295,23139,23619,24001,24826,17209,16910,16853,17525,17707,17799,18768,15291,15472,15303,16029,15917,16125,17259,22012,21557,21633,22659,22195,23271,24094,20239,20124,20181,21229,21614,22034,22855,16258,16629,17051,17892,18155,18464,19823,22358,22196,22346,23162,23661,24021,24851,9432,9754,9768,10224,10412,10452,10771,17.9,17.7,19.7,19.8,19.8,19.8,19.6,82.1,82.3,80.3,80.2,80.2,80.2,80.4,57.2,57.1,57.1,56.4,55.7,55.4,55.2,24.9,25.2,23.2,23.8,24.4,24.8,25.2
Greece,0.80444444444444,0.81055555555556,0.83055555555556,0.83388888888889,0.84055555555556,0.84055555555556,0.83,0,0,0,0,0,0,0,0,0.82256544022303,0.81725770995389,0.81473835380428,0.80139491132078,0.78929775120508,0.78392153496209,0.79299005173965,0.78,0,0,0,0,0,0,0,0,0,0,0,0,0,0,0,0,0,0,0,0,0,0,0,0,0,0,0,0,0,0,0,0,0,0,0,0,0,0,0,0,0,0,0,0,0,0,0,0,0,0,0,0,0,0,0,0,0,0,0,0,0,0,0,0,0,0,0,0,0,0,0,0,0,0,0,0,0,0,0,0,0,0,0,0,0,0,0,0,0,0,0,0,0,0,0,0,0,0,0,0,0,0,0,0,0,0,0,0,0,0,0,0,0,0,0,0,0,0,0,0,0,0,0,0,0,0,0,0,0,0,0,0,0
Hungary,0.82888888888889,0.83333333333333,0.82111111111111,0.81555555555556,0.81611111111111,0.81611111111111,0.82,1621.5205223881,1291.697761194,1129.552238806,1162.5093283582,879.48694029851,755.67164179104,604.60820895522,0.18,0.73596455278413,0.74096986927571,0.74163974057917,0.73814631545251,0.7364264972768,0.73746073606971,0.75698584929484,0.72,1601.37,1254.20,1082.67,1129.57,952.06,819.95,656.45,1.14,1.39,1.31,2.05,0.93,0.87,0.85,140.69,135.00,136.42,126.55,0,0,0,1.93,2.50,3.22,3.86,6.08,6.00,5.53,5.05,4.35,2.30,2.45,0,0,0,2147,1998,1998,2040,2136,2146,2298,4986,4770,4851,4937,5121,5282,5702,5457,5078,5224,5241,5434,5654,6015,4027,3847,3804,3853,4037,4238,4704,3979,3799,3769,3887,4056,4195,4676,6020,6633,5878,5895,6413,5594,6586,4834,4513,4590,4656,4919,5186,5584,5070,4769,4931,4989,4915,5151,5560,5396,4956,5177,5164,5354,5657,5965,2825,2553,2520,2583,2963,2986,3115,23.5,22.8,22.0,21.9,21.8,21.1,20.2,76.5,77.2,78.0,78.1,78.2,78.9,79.8,57.5,57.8,57.7,57.2,57.6,58.0,58.1,19.0,19.5,20.2,20.9,20.6,20.9,21.7
Iceland,0.90555555555556,0.93833333333333,0.95111111111111,0.94277777777778,0.94944444444444,0.94944444444444,0.94,1185.5086306884,1209.2515521594,1076.0728662073,1185.2357235451,1030.7702804121,1148.9390734802,1013.0313160947,0.19,0.90762855146081,0.92927692437681,0.93286873960724,0.93857079582088,0.95290193589733,0.96687082761195,0.98466541682766,0.92,1297.66,1274.48,1126.90,1225.16,1044.12,1129.60,942.75,0.31,0.31,0.61,0.91,0.30,0.89,0.57,23.16,28.58,31.01,25.83,22.25,30.44,35.01,38.18,55.93,39.61,54.09,55.63,62.95,75.48,0,17.40,12.59,13.67,13.53,20.39,11.48,8363,8891,9862,10979,12779,14991,18358,20064,21859,23030,25440,29212,34938,41034,21564,23227,24627,26687,31436,36427,43082,18097,19303,20478,22209,25960,29980,34890,17111,18513,19700,21733,25266,29111,33703,18718,20393,20621,22139,25929,29901,36428,20691,22418,23669,25838,30309,35629,41936,:u,:u,:u,:u,:u,:u,:u,21807,23485,24891,26921,31831,36876,43633,15145,16708,18007,19576,21849,24403,30371,36.5,35.2,33.6,32.5,29.2,29.7,29.0,63.5,64.8,66.4,67.5,70.8,70.3,71.0,35.1,35.5,36.2,35.8,37.4,35.0,34.5,28.5,29.3,30.2,31.7,33.4,35.3,36.5
Ireland,0.89055555555556,0.91555555555556,0.93777777777778,0.95444444444444,0.96111111111111,0.96111111111111,0.94,1625.8858858859,1668.2882882883,1655.6356356356,1568.2082082082,1359.7197197197,1473.5935935936,1438.7187187187,0.26,0.90729406944878,0.91747256413258,0.92733447500396,0.93992583489084,0.94426944809887,0.94967662197453,0.9674215783199,0.91,1660.87,1708.33,1673.60,1554.55,1312.17,1399.11,1335.15,1.13,1.11,1.15,0.64,0.72,0.82,0.81,70.11,66.89,68.20,75.17,76.97,85.63,94.22,9.97,8.52,10.35,14.24,14.73,17.54,20.56,30.06,30.21,29.84,30.02,32.44,35.37,37.02,9281,9711,9622,10193,10572,11035,11882,21817,22022,22531,23606,24633,25432,26780,25546,26095,25816,26847,27819,28362,29217,15690,15947,15744,16121,16774,17210,20081,15501,15358,15321,15834,16309,16923,19583,21243,22859,23148,25107,25533,27347,27886,20336,20683,20770,22556,23608,24047,26364,26656,22876,20791,23192,26066,24905,27202,25913,26401,26036,27010,28090,28563,29320,14419,13582,13975,14040,14370,14961,15249,28.2,26.6,24.0,23.5,23.0,21.8,21.5,71.8,73.4,76.0,76.5,77.0,78.2,78.5,36.1,36.1,38.1,37.5,37.6,37.8,38.0,35.7,37.3,38.0,39.0,39.5,40.4,40.5
Italy,0.78833333333333,0.79611111111111,0.78944444444444,0.79277777777778,0.79277777777778,0.79277777777778,0.79,1934.6016949153,2329.9423728814,2354.3644067797,2201.0949152542,2029.4084745763,1925.8389830508,1810.2406779661,0.35,0.88996662544668,0.88722965230194,0.88439888284276,0.87589460557711,0.87110173768607,0.86818984482714,0.87964914103509,0.85,1795.91,2183.71,2167.27,2021.70,1867.31,1765.93,1655.52,0.89,0.85,0.80,0.77,0.67,0.62,0.59,117.06,111.11,110.24,107.03,105.72,108.77,109.71,7.89,7.52,7.00,6.58,0,0,0,1795.91,2183.71,2167.27,2021.70,1867.31,1765.93,1655.52,6745,6321,6133,6232,6097,6613,6637,17977,17552,17673,17911,18568,18721,19131,18984,18643,18853,19028,19432,19731,19974,13394,12940,13242,13251,13250,13197,13475,13515,12803,12810,12651,12694,12931,13008,17783,16887,16985,16999,17575,18430,19733,16732,16260,16304,16352,16766,16961,17307,19954,20034,19302,19495,19472,19547,20346,19159,19089,19267,19397,19775,20023,20019,10267,9820,9701,9926,10320,11247,10732,44.2,43.4,42.3,41.9,41.6,40.9,40.3,55.8,56.6,57.7,58.1,58.4,59.1,59.7,41.9,42.2,42.7,42.7,42.7,42.6,42.6,13.9,14.4,15.0,15.5,15.7,16.5,17.1
Latvia,0.84222222222222,0.85944444444444,0.86333333333333,0.86555555555556,0.86555555555556,0.86555555555556,0.86,1200.1577287066,1131.8086225026,1139.221871714,1067.5604626709,818.24395373291,818.76971608833,794.05888538381,0.17,0.74527185664554,0.75658276504931,0.76017237708392,0.757888875287,0.75465328745699,0.75516343901037,0.77146531492264,0.74,1043.67,1019.01,1028.15,976.14,739.99,745.29,726.18,4.74,3.41,3.85,4.08,5.64,5.59,5.22,64.80,22.63,28.43,26.89,33.37,33.69,33.40,3.13,3.61,3.75,3.02,7.21,8.26,9.10,0,15.02,18.44,12.24,4.22,5.74,6.88,1957,2076,2396,2596,2868,2937,3160,5214,5600,6163,6929,7502,8005,8933,5746,6113,6651,7421,7961,8426,9260,3815,4075,4473,4793,5374,5704,5612,3375,3593,4037,4443,4782,4957,5100,5039,5364,5572,6486,6629,6659,7206,4790,5097,5730,6445,7018,7408,8111,4080,4196,4421,4480,4449,4741,5160,5791,6180,6733,7499,8079,8579,9411,2518,2523,2904,3116,3438,3425,3521,17.4,16.6,16.1,15.6,14.9,15.2,15.3,82.6,83.4,83.9,84.4,85.1,84.8,84.7,57.4,56.4,57.0,56.3,55.6,54.8,54.7,25.2,27.0,26.9,28.1,29.5,30.0,30.1
Lithuania,0.84277777777778,0.84944444444444,0.88055555555556,0.88055555555556,0.88055555555556,0.88055555555556,0.87,868.62254025045,1022.8980322004,1022.2182468694,838.21109123435,734.49016100179,628.15742397138,477.06618962433,0.14,0.7475385446639,0.76027088098789,0.76729351991648,0.75868705802332,0.7557733553089,0.75958000090758,0.77965172747387,0.74,781.65,940.54,947.69,779.90,691.11,598.33,456.87,6.03,5.79,5.27,5.75,4.92,3.97,3.45,5.93,7.10,6.93,7.33,7.48,6.25,6.59,5.93,4.48,5.37,5.31,3.81,4.35,4.13,8.76,4.11,5.40,3.70,3.39,3.58,3.67,1970,2130,2300,2386,2505,2732,3044,5015,5414,5697,6501,6939,7408,8312,5779,6094,6349,6888,7647,7848,8725,3785,4104,4244,4411,4701,4623,5503,3390,3541,3718,3770,4093,4245,4946,4619,5756,5804,7452,7663,8787,10096,4746,5037,5362,5721,6429,6846,7740,3576,3452,3806,3636,4002,4552,4418,5835,6137,6379,6862,7647,7789,8681,2476,2383,2390,2400,2696,2720,2897,15.0,14.4,14.2,13.8,12.4,12.0,11.7,85.0,85.6,85.8,86.2,87.6,88.0,88.3,56.4,55.8,54.3,53.0,53.5,53.2,52.3,28.6,29.8,31.4,33.2,34.1,34.8,36.1
Malta,0.77666666666667,0.78888888888889,0.79777777777778,0.80944444444444,0.81833333333333,0.81833333333333,0.8,1704.9792017667,1672.8061909249,1606.9371864797,1702.6947276241,1735.058111311,1623.4996240136,1296.4390759302,0.28,0.81583296534326,0.82386373554974,0.83136606266587,0.83543167622245,0.82527908921374,0.82876051933252,0.84617640535534,0.81,2081.21,2009.90,1927.20,2015.40,2030.60,1793.41,1372.29,2.39,1.42,1.41,0.93,1.11,1.96,1.26,41.67,51.74,37.61,42.62,44.40,40.41,38.47,3.11,3.56,2.59,5.36,5.99,4.13,3.78,16.53,18.75,15.52,18.87,13.54,12.82,15.77,5411,5646,6074,6410,6578,6901,6927,12171,13012,13694,14659,14823,15825,16037,14073,14865,15665,16549,16490,17625,17927,9713,10267,10690,11259,11525,12085,12225,9550,10118,10426,10899,11200,11801,11918,12338,12451,13398,13547,14070,14788,15059,12297,12909,13655,14560,14794,15837,16086,11137,11219,11155,11937,11762,12010,12645,14359,15065,15913,16866,16874,17884,18290,7068,7286,7792,7452,8655,8057,7352,56.9,54.3,52.2,50.4,47.9,45.6,42.9,43.1,45.7,47.8,49.6,52.1,54.4,57.1,26.5,27.8,28.4,29.7,31.8,32.3,32.4,16.6,17.9,19.4,19.9,20.3,22.1,24.6
Montenegro,0.79,0.79,0.79333333333333,0.79055555555556,0.79055555555556,0.79055555555556,0.79,171.25795729818,151.9431500841,172.38465438567,162.56629405184,108.80674730599,109.12866075955,100.91986769357,0.02,0.6417595560512,0.64871799373098,0.64851177427045,0.64726851020376,0.64368932194504,0.65035769212567,0.6701967479735,0.63,138.16,119.02,143.52,132.94,81.32,80.82,70.70,2.42,1.45,3.06,2.73,3.86,1.77,2.09,27.08,27.86,20.76,22.50,20.57,23.62,24.58,0.48,0.64,0.80,0.80,0.32,1.61,1.29,3.39,3.06,4.18,3.38,2.57,1.12,2.09,0,1072,1217,1190,1233,1364,1341,:,3776,3720,3840,3960,4111,4480,:,4589,4381,4478,4554,4691,4929,:,2515,2400,2532,2679,2945,3168,:,2279,2337,2446,2547,2786,3011,:,4287,4870,4467,4883,4830,4839,:,3132,3152,3226,3333,3600,3858,:,3397,3490,3573,3480,3710,4505,:,4603,4368,4479,4500,4671,4944,:,1834,1988,2045,2178,2303,2365,21.5,21.2,20.3,19.5,19.6,19.5,18.6,78.5,78.8,79.7,80.5,80.4,80.5,81.4,60.9,60.3,59.5,60.5,59.2,60.0,61.1,17.6,18.4,20.2,20.0,21.2,20.6,20.3
Netherlands,0.89444444444444,0.90055555555556,0.90333333333333,0.90611111111111,0.90333333333333,0.90666666666667,0.9,2307.8841743119,2298.5493119266,2143.2855504587,1968.5493119266,1794.3405963303,1535.625,1393.4288990826,0.33,0.94735438464296,0.94741145141031,0.9446185755225,0.93817706637332,0.92908379961403,0.92975865880672,0.94248213220026,0.91,2347.68,2335.85,2171.04,1982.87,1790.76,1515.73,1362.02,0,0.88,0.86,0.71,0.64,0.92,0.69,37.09,33.25,31.73,30.18,29.57,28.01,26.66,8.64,7.42,7.25,7.48,9.04,10.30,11.23,12.37,11.62,10.78,10.12,13.05,12.88,13.82,9304,9343,9725,9702,10269,10635,10832,21479,21642,21890,22348,23926,24964,25447,23772,23623,24021,24536,26502,27770,28170,17508,17064,16846,16832,18462,18561,19472,16807,16555,16069,16288,17239,17382,17748,24088,23931,24485,23872,25852,26604,27290,21597,21673,21788,22123,23817,24895,25373,21657,21947,19907,21177,20380,20926,20708,23766,23600,23962,24589,26540,27921,28265,13535,13779,13737,14043,13984,14360,14594,30.8,29.0,28.8,28.4,27.9,26.6,26.0,69.2,71.0,71.2,71.6,72.1,73.4,74.0,40.6,41.6,41.4,41.1,41.1,41.3,40.9,28.6,29.3,29.7,30.5,31.0,32.1,33.0
North Macedonia,0.66833333333333,0.67166666666667,0.67777777777778,0.68944444444444,0.68944444444444,0.68944444444444,0.68,0,0,0,0,0,0,0,0,0.58286700287464,0.5909334962594,0.59685800977,0.59422069431637,0.59032806165581,0.58849706067528,0.6050557484114,0.58,292.94,268.15,241.22,0,0,0,0,1.36,0.97,1.21,1.01,0.82,1.21,0,10.24,10.47,10.31,7.44,8.35,7.14,0,2.09,1.84,2.18,1.98,1.74,1.69,0,0,0,0,0,0,0,0,605,686,725,809,777,855,904,2281,2366,2357,2534,2644,2870,3009,2436,2508,2586,2760,2857,3117,3301,1511,1621,1700,1830,1852,1906,2043,1455,1556,1599,1721,1737,1898,1956,1667,1887,1940,2142,2233,2338,2310,1863,1943,1984,2160,2296,2494,2658,2516,2554,2727,2953,2738,3286,3365,2680,2750,2784,2921,3015,3231,3493,1170,1298,1397,1507,1539,1719,1783,36.9,36.1,35.9,35.3,33.4,32.0,31.6,63.1,63.9,64.1,64.7,66.6,68.0,68.4,47.5,48.8,48.9,48.5,48.6,50.1,50.9,15.7,15.1,15.2,16.2,17.9,18.0,17.6
Norway,0.90611111111111,0.915,0.90833333333333,0.90833333333333,0.91722222222222,0.91722222222222,0.91,3000.6320877487,2821.6768916155,2562.9485034393,2251.5895147797,2080.1821899981,1887.4140174754,1851.8497862056,0.4,1.0421056115524,1.0496562547924,1.0499169954752,1.0323475530309,1.0123138428578,1.0013035092557,1.0103519312052,1,3116.11,2889.17,2584.55,2222.55,2005.61,1791.05,1743.33,0.54,0.93,0.57,0.46,0.52,0.53,0.47,55.78,50.80,46.54,43.34,42.20,40.16,37.16,33.01,31.56,31.91,36.85,42.89,43.89,48.42,31.78,32.29,35.38,40.99,56.13,55.09,51.63,15660,17635,17415,16757,16601,15856,16017,41064,44217,45319,43100,41226,40018,41229,44280,47621,48558,46441,44806,43628,44232,32363,34370,34746,32464,30684,29232,28020,32474,34192,34746,32183,30606,29415,28056,40116,44658,47281,42317,42397,41154,43405,41605,44821,45729,43211,41513,40383,41086,41095,46882,44197,44194,47398,44316,43674,44457,47680,48573,46593,44864,43683,44279,26336,28215,29380,26580,27378,26597,25628,24.5,23.6,24.6,24.3,24.9,24.9,23.9,75.5,76.4,75.4,75.7,75.1,75.1,76.1,42.4,42.2,39.3,38.9,38.3,38.3,38.6,33.0,34.2,36.1,36.7,36.8,36.8,37.5
Poland,0.815,0.85611111111111,0.82111111111111,0.85055555555556,0.86222222222222,0.86555555555556,0.85,638.42160737813,587.02766798419,469.76021080369,404.56916996047,357.24110671937,304.81949934124,281.63636363636,0.07,0.73711677600145,0.73973400292106,0.74163974057917,0.73882879732754,0.73197991921387,0.7320986270639,0.7480732557758,0.72,606.22,557.35,443.39,382.08,332.90,281.58,260.25,0.99,0.78,0.74,0.76,0.67,0.73,0.70,25.54,23.96,21.70,18.31,20.07,19.23,17.41,3.76,2.07,2.09,1.73,2.08,1.89,1.99,0,1.14,1.01,1.11,1.35,1.20,1.10,2288,2311,2378,2473,2535,2640,2817,5641,5697,5866,6105,6487,6446,7037,5951,5966,6179,6331,6785,6778,7489,4190,4193,4334,4448,4661,4858,5288,4281,4334,4419,4546,4736,4898,5386,4584,4849,4661,4819,5160,5112,5471,5229,5312,5444,5665,5992,6115,6725,5514,5538,5762,5879,5988,5873,6366,6237,6247,6489,6671,7078,7178,7887,3325,3359,3566,3530,3758,3892,4498,16.7,16.1,15.5,15.2,14.6,13.9,13.5,83.3,83.9,84.5,84.8,85.4,86.1,86.5,61.8,61.3,60.7,60.3,60.2,59.8,59.3,21.5,22.6,23.8,24.4,25.2,26.3,27.2
Portugal,0.73333333333333,0.75055555555556,0.75222222222222,0.75888888888889,0.75944444444444,0.75944444444444,0.75,956.61818181818,888.74545454545,854.6,922.25454545455,839.68181818182,833.99090909091,824.47272727273,0.15,0.80878637311815,0.81034952257525,0.80907178790572,0.80362840294297,0.7998115824453,0.80064301463951,0.81494419857569,0.78,970.09,904.92,873.10,948.78,863.57,858.82,850.93,1.16,1.37,0.88,0.96,0.64,0.74,0.79,6.65,5.53,5.20,4.52,5.04,5.66,5.63,3.56,3.29,3.59,3.61,3.24,3.96,4.09,16.69,17.08,18.77,19.95,20.67,20.66,19.84,3853,3563,3429,3539,3867,3959,4170,9434,9371,9378,9502,9994,10199,10314,9584,9709,9601,9743,10071,10293,10567,6778,6760,6556,6800,7291,7322,7818,6908,6790,6634,6644,7113,7334,7621,7070,6900,7018,7637,8007,7964,8583,8629,8474,8486,8667,9047,9280,9646,9814,9865,9606,9393,9591,9967,10011,9886,9950,9893,9991,10346,10496,10723,5939,5760,5686,5660,5930,5920,6097,61.6,59.4,56.3,54.4,52.9,51.7,49.8,38.4,40.6,43.7,45.6,47.1,48.3,50.2,21.7,23.0,24.0,24.9,25.6,26.6,27.6,16.7,17.6,19.7,20.7,21.5,21.7,22.5
Romania,0.76333333333333,0.76611111111111,0.76611111111111,0.76611111111111,0.76388888888889,0.76388888888889,0.76,393.31259720062,400.14515292898,873.45256609642,570.89165370658,485.68688439606,509.12389839295,532.28097459824,0.09,0.67563920494568,0.68499963372282,0.69103631270885,0.68947095433406,0.6897853264171,0.69728989121644,0.71582691353415,0.67,282.30,287.50,824.15,545.72,466.08,489.47,514.10,1.88,1.68,1.49,1.46,1.25,1.30,1.37,85.68,87.77,11.43,1.50,1.54,1.38,1.29,4.45,4.89,4.39,5.11,4.76,7.05,7.49,3.21,3.72,3.21,0.40,0.50,0.73,1.47,826,780,783,838,874,1001,1258,2410,2379,2557,2760,2926,3214,4004,2352,2327,2490,2683,2906,3280,4200,1549,1474,1531,1599,1754,1979,2306,1856,1790,1884,1945,2040,2279,2621,1126,1121,1064,1150,1239,1473,1805,2134,2099,2254,2415,2551,2885,3540,2518,2504,2605,2731,2827,3110,3490,2754,2722,2940,3071,3335,3730,4754,1130,1135,1320,1204,1403,1546,2031,29.2,28.9,31.2,29.4,28.0,27.0,26.3,70.8,71.1,68.8,70.6,72.0,73.0,73.7,57.3,57.3,54.6,55.6,56.9,57.7,58.2,13.5,13.8,14.2,15.0,15.1,15.3,15.5
Seria,0.74166666666667,0.74388888888889,0.75666666666667,0.76666666666667,0.77555555555556,0.77555555555556,0.76,6231.884057971,6232.115942029,6095.5942028986,6076.3333333333,5764.3188405797,5556.3043478261,5187.9565217391,1,0.62047497978122,0.62963267636932,0.62439872587781,0.6174638023699,0.61072606626862,0.60724104122712,0.62845896625774,0.6,248.04,430.02,374.35,344.13,316.98,294.85,271.32,1.44,1.84,1.60,1.35,1.50,1.12,1.49,18.33,24.37,21.07,19.99,18.92,18.25,17.52,1.18,1.95,1.86,1.60,1.48,1.58,1.76,4.30,1.68,2.17,1.88,2.52,2.87,4.83,0,919,854,887,869,897,943,0,2956,2970,3033,2950,3054,3194,:,3031,3097,3178,3153,3294,3487,:,2121,2095,1954,1988,2242,2334,:,1980,1945,1824,1847,1949,2126,:,1842,1838,1910,2105,2237,2507,:,2440,2448,2376,2414,2534,2769,:,2800,2843,2782,2710,2875,2967,:,3432,3384,3352,3313,3431,3584,:,1495,1545,1432,1478,1505,1681,27.3,26.9,24.6,23.6,23.3,23.0,22.5,72.7,73.1,75.4,76.4,76.7,77.0,77.5,56.8,56.3,57.7,57.6,57.3,57.2,57.1,15.8,16.8,17.7,18.7,19.4,19.8,20.4
Slovakia,0.82388888888889,0.82055555555556,0.82111111111111,0.83333333333333,0.83333333333333,0.83333333333333,0.83,679.17200952555,420.62648836783,380.43597728522,479.2636013922,324.29016303352,320.8646272211,364.84704158271,0.07,0.78273810404098,0.78650945549762,0.78700526250088,0.78163083970451,0.77391418557571,0.7721950541746,0.7869227409302,0.76,642.63,382.71,342.84,444.37,292.47,287.21,332.13,1.39,1.44,1.33,0.89,1.11,1.47,1.23,40.39,37.28,36.71,34.35,30.08,30.21,29.34,1.63,1.68,1.59,1.60,1.51,1.77,1.82,0,1.26,1.00,1.38,1.09,1.60,1.40,2921,2687,2751,2506,2584,2426,2898,7322,7069,7152,7224,7272,7438,7821,8325,7937,7982,7902,7914,8084,8759,6268,6191,6064,6119,6075,6243,6768,6097,6003,5780,6097,5968,6100,6556,6886,6420,6970,6156,6353,7098,7451,7374,7083,7215,7268,7298,7487,7997,6576,6635,6819,7042,7099,6994,7274,8608,8257,8158,8117,8082,8214,8890,4554,4447,4215,4655,4296,4325,4420,15.0,14.7,15.2,14.6,14.3,14.8,14.4,85.0,85.3,84.8,85.4,85.7,85.2,85.6,68.0,67.5,66.7,66.5,66.0,64.5,63.6,17.0,17.7,18.1,18.9,19.7,20.7,22.0
Slovenia,0.85944444444444,0.87888888888889,0.87722222222222,0.87777777777778,0.88777777777778,0.88444444444444,0.88,1729.4285714286,1757.380952381,1517.5714285714,1163.3333333333,1093.8571428571,1049.5714285714,1011.5238095238,0.23,0.82308609814954,0.82295610181503,0.82540710255308,0.81644521638743,0.8131508217961,0.81556005518523,0.83148902216097,0.8,1649.48,1697.18,1460.54,1105.16,1036.44,994.19,948.92,0.68,0.58,0.82,0.97,0.48,0.92,0.48,98.85,89.81,80.39,74.65,72.23,67.67,74.70,2.82,2.57,2.13,2.04,1.60,2.03,2.03,15.03,2.38,2.33,1.45,2.08,2.08,1.60,5388,5265,5136,5409,5301,5619,5915,12681,12467,12593,12938,12966,13261,13786,13484,13147,13389,13629,13806,14232,14757,11502,11284,11035,11510,11386,11841,12502,10678,10465,10166,10574,10344,10839,11263,10427,10010,10091,10720,10755,10487,11299,12381,12127,12153,12575,12596,13077,13641,11301,11168,11170,11491,11112,11289,11620,13769,13481,13684,13964,14125,14579,15053,7523,7532,7641,7887,7882,8417,8391,19.0,18.5,18.4,17.4,17.2,16.7,16.4,81.0,81.5,81.6,82.6,82.8,83.3,83.6,58.0,57.1,56.5,55.9,55.6,54.6,54.9,23.0,24.4,25.1,26.6,27.2,28.7,28.7
Spain,0.8,0.80555555555556,0.81222222222222,0.81777777777778,0.82388888888889,0.82388888888889,0.81,405.53748680042,399.97888067582,383.99155227033,512.36536430834,400.05913410771,401.86483632524,418.99894403379,0.07,0.85915259775613,0.85755792002323,0.85714364281772,0.85346941678583,0.84861016440224,0.8460648427717,0.85812570235759,0.83,353.06,349.82,333.79,442.96,351.16,349.09,360.50,0.78,0.65,0.69,0.65,0.63,0.66,0.62,37.06,35.74,36.07,62.55,37.32,38.87,39.20,2.73,2.78,2.66,2.65,2.69,2.98,3.64,16.51,16.32,17.69,13.49,16.10,17.36,21.24,5596,5382,5305,5090,5442,5563,6074,15924,15593,15606,15595,16002,16690,17012,17080,16656,16488,16278,16608,17260,17399,12107,11789,11714,11669,11870,12537,12439,11001,10494,10144,10226,10193,10963,11078,13480,13385,12560,13266,13012,14174,14696,14344,13818,13459,13554,13935,14598,15153,17907,18823,18544,18345,18061,18246,18085,17677,17357,17200,16826,17273,17626,17894,9072,8751,8264,8541,8331,8946,8691,46.4,45.6,44.5,43.5,42.6,41.8,40.8,53.6,54.4,55.5,56.5,57.4,58.2,59.2,23.6,23.5,23.9,24.4,24.7,24.9,25.2,30.0,30.9,31.7,32.1,32.7,33.2,34.0
Sweden,0.85222222222222,0.86222222222222,0.88222222222222,0.90222222222222,0.90222222222222,0.90222222222222,0.88,4154.5893719807,4154.7439613527,4063.729468599,4050.8888888889,3842.8792270531,3704.2028985507,3458.6376811594,0.67,0.96398432453231,0.97075791414486,0.97092891604226,0.96226177433653,0.95138127416237,0.94763950313339,0.95489691168573,0.93,4306.93,4298.52,4141.40,4100.05,3810.73,3602.88,3303.14,0.72,0.91,0.90,1.15,1.08,1.13,1.07,56.29,48.76,47.38,47.66,50.34,46.87,46.53,62.73,58.96,65.26,56.88,64.06,69.72,74.85,107.83,92.86,105.89,95.61,111.32,115.11,111.57,9981,10554,10862,10957,10717,11242,11296,25256,26983,27664,26951,26965,27204,27384,27841,29564,30150,29796,29701,30005,30348,18234,19298,19290,18055,17773,18184,18373,18183,19065,19230,18186,17791,18382,18014,27173,28233,28291,27007,29426,28842,29515,25697,27220,27876,27403,27302,27501,27644,23139,24328,24800,23708,22090,26210,21548,27880,29717,30363,30037,29732,30121,30405,15166,16999,17230,16883,15096,15199,14025,23.8,22.9,22.1,21.6,21.1,21.1,20.9,76.2,77.1,77.9,78.4,78.9,78.9,79.1,46.1,45.7,45.0,44.4,43.6,42.9,42.0,30.1,31.4,32.8,34.0,35.3,36.0,37.1
Switzerland,0.88555555555556,0.88833333333333,0.89111111111111,0.89666666666667,0.89666666666667,0.89666666666667,0.89,2528.6673613523,2323.8392960519,2060.8776195438,1867.4771332639,1733.46069237,1675.6975801783,1614.9010072942,0.34,1.0237507408396,1.0303673780417,1.0265303061105,1.0254280140971,1.0192438872719,1.0125920473653,1.0189599144822,0.99,2705.06,2455.37,2145.07,1916.94,1757.62,1680.66,1603.12,0.57,0.71,0.50,0.69,0.54,0.53,0.59,7.50,7.07,7.48,7.48,6.88,6.96,6.90,7.15,7.10,6.83,6.46,7.06,7.35,7.38,25.29,26.43,26.92,26.44,25.87,23.47,26.01,17507,18650,17579,18101,19617,19047,19238,42769,43658,40909,42587,47874,47457,46031,44463,45603,43071,45173,50748,49541,48190,34137,35446,33779,34673,38261,37555,38236,33897,35558,33769,34387,38026,37526,37960,43970,46271,41455,39975,45486,45882,43373,42345,43667,40928,42389,47725,46932,45590,35317,39368,38667,38745,45464,45012,40616,44466,45555,43215,45483,51130,49927,48464,27809,33014,31323,31122,31097,32422,32135,20.4,19.6,18.7,18.5,18.2,17.8,17.2,79.6,80.4,81.3,81.5,81.8,82.2,82.8,49.5,48.5,48.3,47.3,46.3,45.5,45.0,30.1,31.9,32.9,34.2,35.4,36.8,37.7
Turkey,0.65,0.66777777777778,0.67555555555556,0.68222222222222,0.68888888888889,0.68888888888889,0.68,0,0,0,0,0,0,0,0,0.60696960228367,0.6307973369683,0.64601492847501,0.64240555446146,0.63804577907236,0.62775033760221,0.63604206276219,0.61,0,0,0,0,0,0,0,0,0,0,0,0,0,0,0,0,0,0,0,0,0,0,0,0,0,0,0,0,0,0,0,0,0,0,0,1497,1641,1646,1631,1840,1927,1747,4219,4429,4483,4375,4819,4979,4485,3976,4192,4301,4220,4666,4858,4382,3075,3250,3243,3138,3383,3506,3168,3169,3392,3393,3258,3514,3649,3302,3347,3706,3826,3779,4336,4355,3916,3532,3753,3791,3682,4082,4217,3801,4765,5138,5108,4867,5222,5544,4826,4356,4399,4525,4436,4796,5053,4556,2254,2496,2503,2526,2782,2862,2669,68.5,67.7,67.4,66.0,64.4,63.4,62.3,31.5,32.3,32.6,34.0,35.6,36.6,37.7,19.1,19.3,19.0,19.3,19.6,20.0,20.4,12.4,13.0,13.6,14.8,16.0,16.6,17.3
Ukraine,0.79055555555556,0.79055555555556,0.79333333333333,0.79333333333333,0.79333333333333,0.79333333333333,0.79,61.322727272727,68.027272727273,67.868181818182,65.890909090909,62.190909090909,61.025,63.220454545455,0.01,0.5370557017379,0.54947823781436,0.53962328306794,0.49503149447946,0.47428971245068,0.47879917363311,0.50334858939145,0.5,1309.78,1493.93,1460.35,1392.41,1294.58,1253.97,1288.84,1.15,1.09,0.93,1.30,0.97,1.29,1.23,70.26,59.84,63.79,65.29,59.78,56.41,56.66,27.65,29.73,37.39,40.79,44.60,51.00,58.10,74.55,54.03,62.86,70.52,73.50,75.80,77.99,0,0,0,0,0,0,0,0,0,0,0,0,0,0,0,0,0,0,0,0,0,0,0,0,0,0,0,0,0,0,0,0,0,0,0,0,0,0,0,0,0,0,0,0,0,0,0,0,0,0,0,0,0,0,0,0,0,0,0,0,0,0,0,0,0,0,0,0,0,0,0,0,0,0,0,0,0,0,0,0,0,0,0,0,0,0,0,0,0,0,0,0,0,0,0,0,0,0
England,0.86611111111111,0.91166666666667,0.92055555555556,0.91,0.91333333333333,0.91333333333333,0.91,156.70298507463,164.32089552239,154.64776119403,143.72089552239,141.84776119403,145.71194029851,146.60746268657,0.03,0.91129602297081,0.9150180298119,0.92080923764091,0.92060497022455,0.91575858699938,0.90980311338944,0.9114770798442,0.89,1781.88,1914.81,1780.27,1619.49,1578.45,1598.29,1592.24,1.19,1.15,1.16,1.10,1.15,1.09,1.10,68.65,55.47,54.39,69.34,73.47,72.84,74.47,25.86,31.77,33.67,31.59,32.64,39.45,42.17,101.05,66.22,71.78,76.17,81.91,91.33,96.67,8890,8653,9741,10000,9554,10069,9868,21186,20579,23033,23644,23266,23461,24440,23411,23154,25624,26168,25798,25250,25613,14837,13776,15310,15441,15804,15384,15972,14613,13808,15183,15445,15909,15310,15988,21074,18866,21357,22484,21590,22367,21762,20755,20311,22339,22925,22691,22550,22999,17867,19080,20458,20436,20710,19492,19412,23594,23561,26007,26580,26305,25594,26021,11174,11875,11230,12756,13106,12199,13211,22.2,21.7,20.9,20.3,20.5,20.0,19.7,77.8,78.3,79.1,79.7,79.5,80.0,80.3,43.1,42.7,42.5,42.1,41.2,41.3,41.0,34.6,35.6,36.6,37.6,38.3,38.7,39.3